flujo,pregunta_fila,repeticion,motivos,Question,Expected Answer,Respuesta,answered,source,source_ok,correctness,Answered_Reason,Correctness_Reason
buscador,2,2,correctitud_baja,¿Cómo se puede intentar resolver un conflicto sin llegar a juicio?,"A través de la mediación, un mecanismo de diálogo previo y obligatorio en muchos casos, con intervención de una persona mediadora neutral en un ámbito confidencial y voluntario para buscar acuerdos.","Se puede intentar resolver el conflicto mediante **mediación**: un espacio de diálogo con la intervención de una persona mediadora neutral, para que las partes conversen y busquen un acuerdo sin llegar a juicio. En Río Negro, además, hay mecanismos gratuitos como la **mediación prejudicial**, la **mediación extrajudicial**, la **conciliación laboral** y las **facilitaciones de conflictos públicos**. Fuente: [Mediación](https://[dominio_9]/acceso-a-justicia/mediacion/) Fuente: [ACCESO A JUSTICIA](https://[dominio_9]/acceso-a-justicia/)

También pueden servir las **Casas de Justicia**, que brindan orientación gratuita, facilitan la mediación comunitaria y derivan a los organismos competentes cuando hace falta. Son una vía útil para encarar el problema de forma pacífica y con acompañamiento institucional. Fuente: [Casas de Justicia](https://[dominio_9]/acceso-a-justicia/casas-justicia/)

Si el conflicto es de menor cuantía o vecinal, también puede intervenir un **Juzgado de Paz**, que en Río Negro atiende cuestiones vecinales, contravenciones, acciones de menor cuantía y algunos casos de violencia familiar, siempre dentro de sus competencias. Fuente: [Juzgados de Paz](https://[dominio_9]/acceso-a-justicia/juzgados-paz/)",1,1,1,3,Brinda una vía concreta para resolver el conflicto sin juicio.,"Identifica mediación, pero omite confidencialidad, voluntariedad y obligatoriedad previa en muchos casos."
buscador,16,3,correctitud_baja,"Si ya tengo usuario de SEON, ¿debo pedir otro para PUMA?","No, el mismo usuario de SEON sirve para PUMA.","Sí. Según la información disponible, si ya posee usuario de SEON, ese mismo le sirve para PUMA. No indica que deba pedir otro usuario.  
Fuente: [Iniciar Sesión](https://[dominio_9]/inicie-sesion/)",1,1,1,2,"Intenta responder, aunque su inicio contradice la conclusión posterior.","Empieza con Sí, pero luego aclara correctamente que no debe pedir otro."
buscador,21,2,correctitud_baja,¿Cuál es la fecha de última actualización informada?,Martes 14 de abril de 2026.,La fecha de última actualización más reciente informada en los contenidos recuperados es **jueves 16 de abril de 2026**. Fuente: [FALLOS](https://[dominio_9]/fallos/),1,1,1,1,Responde con una fecha concreta de actualización.,Da una fecha distinta y contradictoria con la esperada.
buscador,22,1,correctitud_baja; fuente_incorrecta,¿Qué normativas destacadas se pueden consultar en esta página?,La Resolución Nº 366/2006 y las Normas de ética profesional de la abogacía.,"En la página de **Mediación** se pueden consultar estas normativas destacadas:

- **Ley N° 5450**
- **Ley P Nº 3987**
- **Acordada Nº 7/2021**
- **Decreto Provincial P Nº 1398/2007**

Fuente: [Mediación](https://[dominio_9]/acceso-a-justicia/mediacion/)",1,1,0,1,Intenta listar normativas destacadas de una página.,"Menciona normas de Mediación, no la Resolución 366/2006 ni ética profesional."
buscador,22,2,correctitud_baja; fuente_incorrecta,¿Qué normativas destacadas se pueden consultar en esta página?,La Resolución Nº 366/2006 y las Normas de ética profesional de la abogacía.,"En la página de **Mediación** se pueden consultar estas normativas destacadas:

- **Ley N° 5450**
- **Ley P Nº 3987**
- **Acordada Nº 7/2021**
- **Decreto Provincial P Nº 1398/2007**

Fuente: [Mediación](https://[dominio_9]/acceso-a-justicia/mediacion/)",1,1,0,1,Intenta responder enumerando normativas destacadas.,Da normativas equivocadas; no coincide con la respuesta esperada.
buscador,22,3,correctitud_baja; fuente_incorrecta,¿Qué normativas destacadas se pueden consultar en esta página?,La Resolución Nº 366/2006 y las Normas de ética profesional de la abogacía.,"En la página se pueden consultar como normativas destacadas la **Ley N° 5450**, la **Ley P Nº 3987**, la **Acordada Nº 7/2021** y el **Decreto Provincial P Nº 1398/2007**. Fuente: [Mediación](https://[dominio_9]/acceso-a-justicia/mediacion/)",1,1,0,1,Responde con una lista concreta de normativas.,"Contenido incorrecto: cita Mediación, no Resolución 366/2006 ni normas de ética."
buscador,33,1,abstencion,¿Cuántos Juzgados de Paz tiene el Poder Judicial de Río Negro?,Tiene 49 Juzgados de Paz distribuidos en toda la provincia.,"Esta consulta requiere un análisis más avanzado que está fuera del alcance de este buscador. Por favor, aporte detalles mas precisos sobre su solicitud para que localizar la información solicitada.",0,0,1,5,No responde; indica que la consulta está fuera del alcance del buscador.,El guardrail impide que conteste hacerca de calculos y estadisticas
buscador,33,2,abstencion,¿Cuántos Juzgados de Paz tiene el Poder Judicial de Río Negro?,Tiene 49 Juzgados de Paz distribuidos en toda la provincia.,"Esta consulta requiere un análisis más avanzado que está fuera del alcance de este buscador. Por favor, aporte detalles mas precisos sobre su solicitud para que localizar la información solicitada.",0,0,1,5,No responde; indica que la consulta está fuera del alcance del buscador.,El guardrail impide que conteste hacerca de calculos y estadisticas
buscador,33,3,abstencion,¿Cuántos Juzgados de Paz tiene el Poder Judicial de Río Negro?,Tiene 49 Juzgados de Paz distribuidos en toda la provincia.,"Esta consulta requiere un análisis más avanzado que está fuera del alcance de este buscador. Por favor, aporte detalles mas precisos sobre su solicitud para que localizar la información solicitada.",0,0,1,1,No responde; indica que la consulta está fuera del alcance del buscador.,"Esta bien que no encuentre, falla por guardrail no puede hacer calculos"
buscador,34,1,correctitud_baja,¿De qué dependencia administrativa forman parte los Juzgados de Paz?,Integran alguna de las cuatro circunscripciones judiciales y dependen de la Inspectoría de Justicia de Paz.,"Según la información disponible, los Juzgados de Paz forman parte del **Poder Judicial de Río Negro** y se integran al servicio de justicia bajo la organización y supervisión judicial correspondiente. En los textos recuperados se menciona además que ciertos registros son habilitados por la **Inspectoría de los Juzgados de Paz** y por el **Tribunal de Superintendencia General** de la jurisdicción. Fuente: [Juzgados de Paz](https://[dominio_9]/acceso-a-justicia/juzgados-paz/)",1,1,1,2,Intenta responder indicando pertenencia y supervisión administrativa.,"Menciona Inspectoría, pero omite circunscripciones y no expresa la dependencia esperada claramente."
buscador,34,2,correctitud_baja,¿De qué dependencia administrativa forman parte los Juzgados de Paz?,Integran alguna de las cuatro circunscripciones judiciales y dependen de la Inspectoría de Justicia de Paz.,"Según la información disponible, los Juzgados de Paz **integran el Poder Judicial de Río Negro** y su organización administrativa aparece vinculada a la **Inspectoría de los Juzgados de Paz**; además, los registros son habilitados por el **Tribunal de Superintendencia General de la jurisdicción**.  
Fuente: [Juzgados de Paz](https://[dominio_9]/acceso-a-justicia/juzgados-paz/)",1,1,1,2,Da una respuesta sustantiva sobre dependencia y organización.,"Parcialmente correcta: alude a Inspectoría, pero falta circunscripciones y agrega datos no esperados."
buscador,34,3,correctitud_baja,¿De qué dependencia administrativa forman parte los Juzgados de Paz?,Integran alguna de las cuatro circunscripciones judiciales y dependen de la Inspectoría de Justicia de Paz.,"Según los datos recuperados, los Juzgados de Paz integran el **Poder Judicial de Río Negro** y su funcionamiento administrativo aparece vinculado a la **Inspectoría de los Juzgados de Paz** para la habilitación de registros, y al **Tribunal de Superintendencia General de la jurisdicción** para otras cuestiones reglamentarias. No se encontró en el material consultado una fórmula única más precisa sobre una “dependencia administrativa” superior específica. Fuente: [Juzgados de Paz](https://[dominio_9]/acceso-a-justicia/juzgados-paz/)",1,1,1,2,"Responde con información administrativa, aunque dubitativa.","Incluye Inspectoría, pero omite circunscripciones y declara falta de precisión sobre la dependencia."
buscador,36,1,correctitud_baja,¿Qué tipo de asuntos pueden resolver los Jueces y las Juezas de Paz?,"Pueden intervenir en cuestiones de menor cuantía, vecinales, contravenciones, violencia familiar, beneficio de litigar sin gastos, acciones de consumo individuales, certificaciones, notificaciones y trámites electorales, entre otros.","Los Jueces y las Juezas de Paz pueden resolver, según los datos disponibles, **cuestiones de menor cuantía, vecinales, contravenciones y faltas provinciales o comunales**. También intervienen en **acciones de menor cuantía**, **denuncias, audiencias y medidas cautelares urgentes vinculadas a violencia familiar**, y en **acciones individuales sobre derechos de usuarios y consumidores**, con los límites legales previstos. Quedan excluidos, entre otros, los **juicios de familia, laborales, desalojos, acciones posesorias y petitorias, juicios universales y otros procesos especiales**. Fuente: [Juzgados de Paz](https://[dominio_9]/acceso-a-justicia/juzgados-paz/)",1,1,1,3,Describe materias que pueden resolver los Juzgados de Paz.,"Incluye materias clave, pero omite beneficio, certificaciones y trámites electorales esperados."
buscador,45,1,correctitud_baja,¿Hasta qué año llegan las memorias anuales publicadas en el listado?,Hasta 2006.,"Las memorias anuales publicadas en el listado llegan hasta el **Informe Anual 2024**. En la sección también figuran memorias anteriores, al menos desde 2013 y, en otra parte del mismo listado, desde 2006. Fuente: [TRANSPARENCIA](https://[dominio_9]/transparencia/)",1,1,1,2,Intenta responder indicando años del listado.,Confunde año más reciente con alcance; menciona 2006 pero responde 2024.
buscador,45,2,correctitud_baja,¿Hasta qué año llegan las memorias anuales publicadas en el listado?,Hasta 2006.,"Las memorias anuales publicadas en el listado llegan hasta **el Informe Anual 2024**. En el apartado consultado figuran los informes desde 2024 hacia atrás, con enlaces para cada año. Fuente: [TRANSPARENCIA](https://[dominio_9]/transparencia/)",1,1,1,1,Da una respuesta sustantiva sobre el año.,Contradice la respuesta esperada; dice 2024 en vez de 2006.
buscador,45,3,correctitud_baja,¿Hasta qué año llegan las memorias anuales publicadas en el listado?,Hasta 2006.,Las memorias anuales publicadas en el listado llegan hasta **2024**. En la sección se ve el **Informe Anual 2024** como el más reciente disponible. Fuente: [TRANSPARENCIA](https://[dominio_9]/transparencia/),1,1,1,1,Responde directamente con un año.,Contradice la respuesta esperada; indica 2024.
buscador,48,1,correctitud_baja,¿Qué tipo de información ofrecen los Informes Estadísticos?,Un resumen anual y semestral de la actividad jurisdiccional y del funcionamiento de los organismos auxiliares del Superior Tribunal de Justicia.,"Según los datos disponibles, los **Informes Estadísticos** reúnen **reportes anuales** del Poder Judicial y, en particular, en el área de Derechos Humanos y Género incluyen los enlaces al **Mapa de Género de la Justicia Argentina**, con series históricas desde **2011 hasta 2025**. También se informan **memorias anuales** y otros informes institucionales publicados en el portal de transparencia. Fuente: [Derechos Humanos y Género](https://[dominio_9]/institucional/derechos-humanos-y-genero/) Fuente: [Transparencia](https://[dominio_9]/transparencia/)

En concreto, la información recuperada muestra que esos informes pueden contener datos sobre la **distribución por género de los cargos del sistema de justicia**, con carga anual y fecha de corte al **31 de octubre** del año analizado, además de informes de gestión institucional. Fuente: [Derechos Humanos y Género](https://[dominio_9]/institucional/derechos-humanos-y-genero/)",1,1,1,1,Intenta explicar el contenido de los informes.,"Describe género y transparencia, no el resumen anual y semestral esperado."
buscador,48,2,correctitud_baja,¿Qué tipo de información ofrecen los Informes Estadísticos?,Un resumen anual y semestral de la actividad jurisdiccional y del funcionamiento de los organismos auxiliares del Superior Tribunal de Justicia.,"Los **Informes Estadísticos** disponibles en el sitio institucional reúnen principalmente reportes anuales, entre ellos el **Mapa de Género de la Justicia Argentina**, con series históricas desde **2011**. Esos informes muestran la **distribución por género de los cargos del sistema de justicia** y se actualizan con carga anual. Fuente: [Derechos Humanos y Género](https://[dominio_9]/institucional/derechos-humanos-y-genero/)

También se incluye el apartado de **Transparencia**, donde se publican las **memorias e informes anuales** del Poder Judicial, con acceso a los documentos por año para consulta pública. Fuente: [TRANSPARENCIA](https://[dominio_9]/transparencia/)",1,1,1,1,Brinda una respuesta sustantiva sobre los informes.,"Se enfoca en mapa de género y memorias, omitiendo la descripción esperada."
buscador,48,3,correctitud_baja,¿Qué tipo de información ofrecen los Informes Estadísticos?,Un resumen anual y semestral de la actividad jurisdiccional y del funcionamiento de los organismos auxiliares del Superior Tribunal de Justicia.,"Según los datos disponibles, los **Informes Estadísticos** reúnen principalmente **reportes anuales de gestión** y **series históricas** vinculadas a la actividad institucional. En la sección de Transparencia aparecen las **Memorias anuales** del Poder Judicial, con informes por año y períodos de gestión, disponibles para consulta pública. Fuente: [TRANSPARENCIA](https://[dominio_9]/transparencia/)  

Además, hay informes específicos sobre **género en el sistema de justicia**, como el **Mapa de Género de la Justicia Argentina**, con información anual desde 2011 y datos sobre la distribución por género de los cargos del sistema judicial. También se menciona que la Oficina Judicial Penal ofrece **estadísticas dinámicas del fuero penal**. Fuente: [Derechos Humanos y Género](https://[dominio_9]/institucional/derechos-humanos-y-genero/) [INSTITUCIONAL](https://[dominio_9]/institucional/)",1,1,1,1,Intenta responder qué información contienen los informes.,"Habla de gestión, género y fuero penal; no coincide con la respuesta esperada."
buscador,55,1,abstencion,¿Cuántos boletines aparecen publicados para 2024?,"Cuatro boletines: N° 1, 2, 3 y 4.","Esta consulta requiere un análisis más avanzado que está fuera del alcance de este buscador. Por favor, aporte detalles mas precisos sobre su solicitud para que localizar la información solicitada.",0,0,1,5,No responde la pregunta; indica limitación del buscador y pide más detalles.,El guardrail impide que conteste hacerca de calculos y estadisticas
buscador,55,2,abstencion,¿Cuántos boletines aparecen publicados para 2024?,"Cuatro boletines: N° 1, 2, 3 y 4.","Esta consulta requiere un análisis más avanzado que está fuera del alcance de este buscador. Por favor, aporte detalles mas precisos sobre su solicitud para que localizar la información solicitada.",0,0,1,5,No responde la pregunta; indica limitación del buscador y pide más detalles.,El guardrail impide que conteste hacerca de calculos y estadisticas
buscador,55,3,abstencion,¿Cuántos boletines aparecen publicados para 2024?,"Cuatro boletines: N° 1, 2, 3 y 4.","Esta consulta requiere un análisis más avanzado que está fuera del alcance de este buscador. Por favor, aporte detalles mas precisos sobre su solicitud para que localizar la información solicitada.",0,0,1,5,No responde la pregunta; indica limitación del buscador y pide más detalles.,"Esta bien que no encuentre, falla por guardrail no puede hacer calculos"
buscador,56,1,correctitud_baja,¿Qué años están cubiertos por el listado de boletines mostrado?,Desde 2014 hasta 2025.,"El listado de boletines mostrado cubre los años **2013/2014** y luego de forma continua **2015, 2016, 2017, 2018, 2019, 2020, 2021, 2022, 2023, 2024 y 2025**. Fuente: [FALLOS](https://[dominio_9]/fallos/)

En el material recuperado también aparece el boletín conjunto **N° 1 – 2013/2014**, por lo que el tramo inicial visible arranca en ese período. Fuente: [FALLOS](https://[dominio_9]/fallos/)",1,1,1,3,Indica un rango de años y detalla los boletines visibles.,"Acierta hasta 2025, pero agrega 2013/2014 en vez de empezar en 2014."
buscador,56,2,correctitud_baja,¿Qué años están cubiertos por el listado de boletines mostrado?,Desde 2014 hasta 2025.,"El listado de boletines mostrado abarca desde **2013/2014** hasta **2025**, con años intermedios visibles para **2014, 2015, 2016, 2017, 2018, 2019, 2020, 2021, 2022, 2023, 2024 y 2025**. Fuente: [FALLOS](https://[dominio_9]/fallos/)",1,1,1,3,Responde con un rango temporal concreto del listado.,"Menciona 2025 correctamente, pero el inicio 2013/2014 contradice la respuesta esperada."
buscador,56,3,correctitud_baja,¿Qué años están cubiertos por el listado de boletines mostrado?,Desde 2014 hasta 2025.,"El listado mostrado cubre boletines desde **2013/2014** hasta **2025**, incluyendo los años intermedios **2014, 2015, 2016, 2017, 2018, 2019, 2020, 2021, 2022, 2023 y 2024**. Fuente: [FALLOS](https://[dominio_9]/fallos/)",1,1,1,3,Da una cobertura temporal explícita del listado mostrado.,Se equivoca al incluir 2013/2014; la cobertura esperada inicia en 2014.
buscador,59,1,abstencion,¿A quién está dirigida  la convocatoria de Roca de 2026?,Está dirigiada a familias de todo el país.,"No se encontró información suficiente con los datos recuperados. Para obtener resultados más precisos, vuelva a consultar usando términos concretos o específicos.",0,0,1,0,Dice que no encontró información suficiente y no responde la consulta.,
buscador,59,2,abstencion,¿A quién está dirigida  la convocatoria de Roca de 2026?,Está dirigiada a familias de todo el país.,"No se encontró información suficiente con los datos recuperados. Para obtener resultados más precisos, vuelva a consultar usando términos concretos o específicos.",0,0,1,0,Dice que no encontró información suficiente y no responde la consulta.,
buscador,59,3,abstencion,¿A quién está dirigida  la convocatoria de Roca de 2026?,Está dirigiada a familias de todo el país.,"No se encontró información suficiente con los datos recuperados. Para obtener resultados más precisos, vuelva a consultar usando términos concretos o específicos.",0,0,1,0,Dice que no encontró información suficiente y no responde la consulta.,0
buscador,61,1,correctitud_baja,"Si quiero buscar un fallo del STJ, ¿qué sección debería usar?",La sección “Fallos del Superior Tribunal de Justicia”.,"Para buscar un fallo del STJ, debe usar la sección de **Fallos**: [Fallos](https://[dominio_9]/fallos/).",1,1,1,3,Intenta indicar la sección donde buscar fallos del STJ.,"Menciona la sección general Fallos, no el apartado específico esperado."
buscador,61,2,correctitud_baja,"Si quiero buscar un fallo del STJ, ¿qué sección debería usar?",La sección “Fallos del Superior Tribunal de Justicia”.,"Para buscar un fallo del STJ, debe usar la sección de **Fallos**: [Fallos](https://[dominio_9]/fallos/)",1,1,1,3,Responde indicando una sección concreta para la búsqueda.,Se queda en Fallos; falta nombrar Fallos del Superior Tribunal de Justicia.
buscador,61,3,correctitud_baja,"Si quiero buscar un fallo del STJ, ¿qué sección debería usar?",La sección “Fallos del Superior Tribunal de Justicia”.,"Para buscar un fallo del STJ, corresponde usar la sección de **Fallos**: [https://[dominio_9]/fallos/](https://[dominio_9]/fallos/)",1,1,1,3,Da una respuesta sustantiva sobre dónde buscar el fallo.,"Indica Fallos, pero omite la sección específica esperada."
buscador,62,1,correctitud_baja,¿Cuál es la fecha de última actualización indicada?,Jueves 16 de abril de 2026.,"La fecha de última actualización indicada es **martes 14 de abril, 2026**.  
Fuente: [Casas de Justicia](https://[dominio_9]/acceso-a-justicia/casas-justicia/)",1,1,1,1,Da una fecha concreta como respuesta.,"Indica 14 de abril, contradice la fecha esperada 16 de abril."
buscador,62,2,correctitud_baja,¿Cuál es la fecha de última actualización indicada?,Jueves 16 de abril de 2026.,"En la información recuperada aparecen estas fechas de **última actualización**:

- **martes 14 de abril de 2026**. Fuente: [Casas de Justicia](https://[dominio_9]/acceso-a-justicia/casas-justicia/)  
- **jueves 16 de abril de 2026**. Fuente: [FALLOS](https://[dominio_9]/fallos/)",1,1,1,3,Enumera fechas de actualización recuperadas.,"Incluye la fecha esperada, pero agrega otra y no resuelve cuál corresponde."
buscador,62,3,correctitud_baja,¿Cuál es la fecha de última actualización indicada?,Jueves 16 de abril de 2026.,"La fecha de última actualización indicada varía según la sección consultada: en varias páginas figura **martes 14 de abril de 2026**, y en la sección de **Fallos** figura **jueves 16 de abril de 2026**. Fuente: [Casas de Justicia](https://[dominio_9]/acceso-a-justicia/casas-justicia/) Fuente: [FALLOS](https://[dominio_9]/fallos/)",1,1,1,3,Explica qué fechas aparecen según sección.,"Menciona 16 de abril, pero la vuelve ambigua al presentar múltiples fechas."
buscador,67,2,correctitud_baja,¿Qué puede hacer una persona si considera incorrecto el funcionamiento de la Administración de Justicia?,"Puede presentar reclamaciones, quejas o sugerencias ante el juzgado o tribunal, órganos de gobierno judicial, Oficinas de Atención al Ciudadano o Consejo de la Magistratura, y debe recibir respuesta con celeridad, en general dentro de un mes.","Una persona puede **presentar quejas, reclamos y sugerencias** por el incorrecto funcionamiento de la Administración de Justicia. También puede **pedir orientación jurídica e institucional**, recibir información sobre los caminos de acceso a la justicia y, si corresponde, **solicitar que la denuncia sea remitida al órgano competente**. Fuente: [Oficina de atención a las personas](https://[dominio_9]/acceso-a-justicia/atencion-personas/)

Además, tiene derecho a **recibir respuesta con la mayor celeridad y, en todo caso, dentro del plazo de un mes**, y puede reclamar por **error judicial o funcionamiento anormal** de la Administración de Justicia, con posibilidad de exigir indemnización por los daños causados. Fuente: [Oficina de atención a las personas](https://[dominio_9]/acceso-a-justicia/atencion-personas/)",1,1,1,3,Intenta responder con acciones posibles y plazo de respuesta.,"Menciona reclamos y plazo; falta precisar juzgado, órganos judiciales, oficinas o Consejo de la Magistratura."
buscador,68,2,correctitud_baja,¿Qué derecho tiene una persona sobre el estado de un proceso en el que posee interés legítimo?,"Tiene derecho a conocer su contenido y estado, acceder a documentos no reservados y recibir por escrito los motivos si se le niega información procesal.","El derecho es a **conocer el contenido y el estado de los procesos en los que tenga interés legítimo**, de acuerdo con lo que dispongan las leyes procesales. Además, las personas interesadas pueden acceder a los documentos, libros, archivos y registros judiciales que no tengan carácter reservado. Fuente: [Oficina de atención a las personas](https://[dominio_9]/acceso-a-justicia/atencion-personas/)",1,1,1,3,Responde el derecho consultado con información concreta y relevante.,"Menciona conocer estado y acceso, pero omite motivos escritos ante negativa de información."
buscador,76,1,correctitud_baja,¿Qué servicio sirve para intentar resolver conflictos antes de un juicio?,La mediación prejudicial; es la instancia previa a un posible juicio y requiere asistencia de abogado/a.,"El servicio que sirve para intentar resolver conflictos antes de un juicio es la **Mediación Prejudicial**. Según los datos disponibles, permite resolver conflictos en forma pacífica mediante conversaciones con la ayuda de un/a mediador/a, y es el paso anterior a un posible juicio. Fuente: [Mediación](https://[dominio_9]/acceso-a-justicia/mediacion/)",1,1,1,3,Identifica un servicio concreto para resolver conflictos antes del juicio.,"Acierta mediación prejudicial y previa al juicio, pero omite asistencia obligatoria de abogado/a."
buscador,76,3,correctitud_baja,¿Qué servicio sirve para intentar resolver conflictos antes de un juicio?,La mediación prejudicial; es la instancia previa a un posible juicio y requiere asistencia de abogado/a.,"El servicio indicado para intentar resolver conflictos antes de llegar a un juicio es la **Mediación Prejudicial**. Se trata de un mecanismo para resolver conflictos en forma pacífica, mediante conversaciones con la ayuda de un/a mediador/a, y es el paso anterior a un posible juicio. Fuente: [Mediación](https://[dominio_9]/acceso-a-justicia/mediacion/)

También aparecen otros mecanismos vinculados, como la **Mediación Extrajudicial**, la **Conciliación Laboral** y las **Facilitaciones de conflictos públicos**, todos orientados a intentar acuerdos sin juicio. Fuente: [Mediación](https://[dominio_9]/acceso-a-justicia/mediacion/)",1,1,1,3,Da un servicio específico como respuesta a la consulta.,"Correcta sobre mediación prejudicial y paso previo, pero falta asistencia de abogado/a."
buscador,88,1,correctitud_baja,¿Qué sucede después de la presentación inicial por violencia laboral?,"Se realiza una entrevista presencial o remota con la víctima, se deja registro digital, se elabora un informe técnico y luego se define si corresponde archivar, continuar el abordaje, derivar por conflicto interpersonal o dar intervención disciplinaria.","Después de la presentación inicial, la Dirección de Derechos Humanos y Género pauta una entrevista con la persona denunciante, brinda contención y orientación, y luego confecciona un informe técnico-profesional. Ese informe se remite al área correspondiente para definir la continuidad del trámite. Fuente: [Derechos Humanos y Género](https://[dominio_9]/institucional/derechos-humanos-y-genero/)

Luego, si los hechos no encuadran en el Protocolo, se produce un informe y se archiva la actuación, con registro para fines estadísticos y de diagnóstico. Si preliminarmente sí encuadran, se notifica a la Presidencia del Superior Tribunal de Justicia o a la Procuración General, según corresponda, y continúa el abordaje previsto. Fuente: [Derechos Humanos y Género](https://[dominio_9]/institucional/derechos-humanos-y-genero/)",1,1,1,3,Describe qué ocurre luego de la presentación inicial.,"Incluye entrevista, informe, archivo o continuidad, pero omite conflicto interpersonal y vía disciplinaria."
buscador,92,2,abstencion,¿Qué familias pueden postularse para la convocatoria de Gral. Roca del 6 de abril de 2026?,"Familias que residan en el Alto Valle de Río Negro y deseen acompañar a una adolescente de 13 años, priorizando su inicio en la secundaria y el respeto por sus vínculos significativos.","No se encontró información suficiente con los datos recuperados. Para obtener resultados más precisos, vuelva a consultar usando términos concretos o específicos.",0,0,1,0,No responde; indica falta de información suficiente.,
buscador,93,1,abstencion,¿A quién corresponde la convocatoria de Villa Regina del 1 de abril de 2026?,"A una niña de 12 años, dirigida a familias de todo el país que puedan acompañarla con afecto, comprensión y espacios de escucha y reflexión.","No se encontró información suficiente con los datos recuperados. Para obtener resultados más precisos, vuelva a consultar usando términos concretos o específicos.",0,0,1,0,Dice que no encontró información suficiente y no responde la consulta.,
buscador,93,2,abstencion,¿A quién corresponde la convocatoria de Villa Regina del 1 de abril de 2026?,"A una niña de 12 años, dirigida a familias de todo el país que puedan acompañarla con afecto, comprensión y espacios de escucha y reflexión.","No se encontró información suficiente con los datos recuperados. Para obtener resultados más precisos, vuelva a consultar usando términos concretos o específicos.",0,0,1,0,Dice que no encontró información suficiente y no responde la consulta.,
buscador,93,3,abstencion,¿A quién corresponde la convocatoria de Villa Regina del 1 de abril de 2026?,"A una niña de 12 años, dirigida a familias de todo el país que puedan acompañarla con afecto, comprensión y espacios de escucha y reflexión.","No se encontró información suficiente con los datos recuperados. Para obtener resultados más precisos, vuelva a consultar usando términos concretos o específicos.",0,0,1,0,Dice que no encontró información suficiente y no responde la consulta.,0
buscador,107,1,correctitud_baja,¿Cómo se contacta la Dirección General de Comunicación Judicial?,Por [email_16] o al [telefono_1] interno [interno_6].,"La **Dirección General de Comunicación Judicial** se contacta por **[email_8]**. También figura su sede en **[domicilio_6], Viedma**, con teléfono **[telefono_1] interno [interno_6]**. El director es **Lic. [persona_5]**, celular **[telefono_6]**, correo **[email_6]**. Fuente: [Guía de teléfonos, mails y direcciones de organismos judiciales](https://[dominio_9]/wp-content/uploads/2026/04/GUIA-JUDICIAL-MES-de-ABRIL-2026.pdf)",1,1,1,2,Intenta dar vías de contacto concretas para el área consultada.,"Incluye teléfono correcto, pero el correo no coincide con el esperado."
buscador,107,2,correctitud_baja,¿Cómo se contacta la Dirección General de Comunicación Judicial?,Por [email_16] o al [telefono_1] interno [interno_6].,"La Dirección General de Comunicación Judicial se contacta por correo a **[email_9]**. También figura su sede en **[domicilio_6], Viedma**, con teléfono **[telefono_1] interno [interno_6]** y el contacto del director **Lic. [persona_5]**, celular **[telefono_7]**, correo **[email_6]**.  
Fuente: [Guía de teléfonos, mails y direcciones de organismos judiciales](https://[dominio_9]/wp-content/uploads/2026/04/GUIA-JUDICIAL-MES-de-ABRIL-2026.pdf)",1,1,1,2,Intenta dar vías de contacto concretas para el área consultada.,"Incluye teléfono correcto, pero el correo no coincide con el esperado."
buscador,107,3,correctitud_baja,¿Cómo se contacta la Dirección General de Comunicación Judicial?,Por [email_16] o al [telefono_1] interno [interno_6].,"La **Dirección General de Comunicación Judicial** se contacta por correo a **[email_8]** y también por teléfono al **[telefono_1] interno [interno_6]**. Su sede figura en **[domicilio_6], Viedma**. Fuente: [Guía de teléfonos, mails y direcciones de organismos judiciales](https://[dominio_9]/wp-content/uploads/2026/04/GUIA-JUDICIAL-MES-de-ABRIL-2026.pdf)",1,1,1,2,Intenta dar vías de contacto concretas para el área consultada.,"Incluye teléfono correcto, pero el correo no coincide con el esperado."
buscador,121,2,correctitud_baja,¿Cómo se puede inscribir alguien como auxiliar externo y dónde consultar el listado de peritos?,La inscripción se realiza en el Registro digital de auxiliares externos y el listado de peritos se consulta en el sitio público de peritos matriculados.,"Para inscribirse como **auxiliar externo** se debe completar la solicitud de usuario para externos. En la información disponible figura el acceso para hacerlo desde el formulario de registro de usuarios externos y, para **auxiliar matriculado (martillero/a o perito)**, se indica que hay que completar el formulario, declarar esa calidad y esperar la validación para poder gestionar expedientes y notificaciones. Fuente: [Iniciar Sesión](https://[dominio_9]/inicie-sesion/)

El **listado de peritos** se consulta en el registro digital de auxiliares externos. La sección institucional indica expresamente: “Conocé el listado de peritos” y enlaza al directorio público correspondiente. Fuente: [INSTITUCIONAL](https://[dominio_9]/institucional/)",1,1,1,3,Da una respuesta sustantiva sobre inscripción y listado.,Mezcla registro de usuario externo; listado ubicado de forma imprecisa.
buscador,123,1,correctitud_baja,¿Qué función cumple el Consejo de la Magistratura de Río Negro?,"Elegir a magistrados/as y funcionarios/as judiciales y difundir convocatorias, requisitos e información actualizada de cada proceso.","El Consejo de la Magistratura de Río Negro cumple la función de **seleccionar y designar magistrados/as y funcionarios/as judiciales**. Además, **recibe denuncias sobre su desempeño, instruye los sumarios correspondientes, aplica sanciones y puede disponer la destitución e inhabilitación para ejercer cargos públicos, según el procedimiento constitucional y legal aplicable**. Fuente: [Consejo de la Magistratura](https://[dominio_9]/institucional/consejo-de-la-magistratura/)",1,1,1,3,Responde la función del Consejo con contenido sustantivo.,"Incluye seleccionar magistrados, pero omite difundir convocatorias, requisitos e información actualizada."
buscador,123,2,correctitud_baja,¿Qué función cumple el Consejo de la Magistratura de Río Negro?,"Elegir a magistrados/as y funcionarios/as judiciales y difundir convocatorias, requisitos e información actualizada de cada proceso.","El Consejo de la Magistratura de Río Negro tiene como función principal **seleccionar y designar magistrados/as y funcionarios/as judiciales**. Además, **recibe denuncias sobre su desempeño, instruye los sumarios correspondientes, aplica sanciones definitivas y puede disponer la destitución e inhabilitación**, conforme al procedimiento previsto por la Constitución Provincial y la ley reglamentaria. Fuente: [Consejo de la Magistratura](https://[dominio_9]/institucional/consejo-de-la-magistratura/)",1,1,1,3,Intenta explicar las funciones del Consejo claramente.,"Acierta en selección y designación, pero falta difusión de convocatorias y requisitos."
buscador,123,3,correctitud_baja,¿Qué función cumple el Consejo de la Magistratura de Río Negro?,"Elegir a magistrados/as y funcionarios/as judiciales y difundir convocatorias, requisitos e información actualizada de cada proceso.","El Consejo de la Magistratura de Río Negro tiene como función principal **seleccionar a los magistrados y funcionarios judiciales**, además de **recibir denuncias sobre su desempeño, instruir sumarios, aplicar sanciones y, en los casos previstos, disponer la destitución e inhabilitación para ejercer cargos públicos**. Según la información institucional, su actuación está prevista en los artículos 220, 221 y 222 de la Constitución Provincial y su organización se rige por la Ley K N° 2434. Fuente: [Consejo de la Magistratura](https://[dominio_9]/institucional/consejo-de-la-magistratura/)",1,1,1,3,Describe funciones concretas del organismo consultado.,"Menciona selección de magistrados, omite difusión de procesos y requisitos."
buscador,135,1,correctitud_baja,¿Ante qué resoluciones actúa en grado de apelación?,Respecto de resoluciones de las Juntas Electorales Municipales y de resoluciones electorales de organismos internos de personas de derecho público estatales y no estatales.,"Actúa en grado de apelación respecto de las **resoluciones de naturaleza electoral** dictadas por **organismos internos de personas de derecho público estatales y no estatales**. También interviene en apelación en los **procesos eleccionarios de gremios/sindicatos, mutuales, cooperativas y cualquier otro organismo que elija sus autoridades en la Provincia de Río Negro**.  
Fuente: [Juzgado Electoral](https://[dominio_9]/institucional/juzgado-electoral/)",1,1,1,3,Intenta responder indicando resoluciones apelables y supuestos de apelación.,"Incluye organismos internos, pero omite Juntas Electorales Municipales y agrega información no esperada."
buscador,135,2,correctitud_baja,¿Ante qué resoluciones actúa en grado de apelación?,Respecto de resoluciones de las Juntas Electorales Municipales y de resoluciones electorales de organismos internos de personas de derecho público estatales y no estatales.,"Actúa en grado de apelación respecto de las **resoluciones de naturaleza electoral** dictadas por los organismos internos de las personas de derecho público, sean estatales o no estatales. También interviene en apelación en los procesos eleccionarios de **gremios/sindicatos, mutuales, cooperativas y cualquier otro organismo que elija sus autoridades en Río Negro**.  
Fuente: [Juzgado Electoral](https://[dominio_9]/institucional/juzgado-electoral/)",1,1,1,3,Responde con tipos de resoluciones y procesos sujetos a apelación.,Parcialmente correcta: falta Juntas Electorales Municipales y añade procesos no mencionados.
buscador,135,3,correctitud_baja,¿Ante qué resoluciones actúa en grado de apelación?,Respecto de resoluciones de las Juntas Electorales Municipales y de resoluciones electorales de organismos internos de personas de derecho público estatales y no estatales.,"Actúa en grado de apelación respecto de **resoluciones de naturaleza electoral** dictadas por los organismos internos de personas de derecho público, tanto estatales como no estatales. También interviene en apelación en los procesos eleccionarios de gremios, sindicatos, mutuales, cooperativas y otros organismos que elijan autoridades en Río Negro. Fuente: [Juzgado Electoral](https://[dominio_9]/institucional/juzgado-electoral/)",1,1,1,3,Da una respuesta sustantiva sobre resoluciones apelables.,"Menciona organismos internos, pero omite Juntas Electorales Municipales y suma datos extra."
buscador,173,1,abstencion,¿Qué garantías aportan la oralidad y videograbación de las audiencias penales?,"Transparencia, publicidad de los actos y mayor celeridad.","No se encontró información suficiente con los datos recuperados. Para obtener resultados más precisos, vuelva a consultar usando términos concretos o específicos.",0,0,1,0,Expresa falta de información y no responde la pregunta.,
buscador,173,2,correctitud_baja,¿Qué garantías aportan la oralidad y videograbación de las audiencias penales?,"Transparencia, publicidad de los actos y mayor celeridad.","Según los datos recuperados, la **oralidad** garantiza que las declaraciones, testimonios, juicios y vistas se celebren con presencia del Juez o Tribunal, lo que refuerza la inmediación y el control directo del acto procesal. Además, el uso de lenguaje comprensible en vistas y comparecencias protege el derecho de las personas a entender lo que ocurre en audiencia. Fuente: [Oficina de atención a las personas](https://[dominio_9]/acceso-a-justicia/atencion-personas/)

La **videograbación y los medios tecnológicos** aportan trazabilidad y respaldo del acto, en tanto los medios telemáticos —como videoconferencia— tienen reconocimiento dentro de la relación con la Justicia, y los documentos o actuaciones electrónicas tienen plena validez y eficacia si queda acreditada su integridad y autenticidad. Fuente: [Oficina de atención a las personas](https://[dominio_9]/acceso-a-justicia/atencion-personas/) [SERVICIOS](https://[dominio_9]/servicios/)",1,1,1,2,Intenta explicar garantías de oralidad y videograbación.,"Menciona control y trazabilidad, pero omite publicidad y celeridad."
buscador,173,3,abstencion,¿Qué garantías aportan la oralidad y videograbación de las audiencias penales?,"Transparencia, publicidad de los actos y mayor celeridad.","No se encontró información suficiente con los datos recuperados. Para obtener resultados más precisos, vuelva a consultar usando términos concretos o específicos.",0,0,1,0,Expresa falta de información y no responde la pregunta.,0
chat,2,3,correctitud_baja,¿Cómo se puede intentar resolver un conflicto sin llegar a juicio?,"A través de la mediación, un mecanismo de diálogo previo y obligatorio en muchos casos, con intervención de una persona mediadora neutral en un ámbito confidencial y voluntario para buscar acuerdos.","Según los datos disponibles, una forma de intentar resolver un conflicto sin llegar a juicio es acudir a mecanismos de diálogo y acuerdo, especialmente la **mediación**. En Río Negro, la mediación permite que las partes conversen con la ayuda de una persona mediadora neutral para tratar de llegar a un acuerdo, y en muchos casos puede ser un paso previo al juicio. También existen otras alternativas como la **mediación extrajudicial** para conflictos entre vecinos, con empresas, de salud o educación, y la **conciliación laboral** para conflictos entre trabajador/a y empleador/a. Fuente: [Mediación](https://[dominio_9]/acceso-a-justicia/mediacion/)

Además, las **Casas de Justicia** ofrecen orientación gratuita, mediación comunitaria, negociación directa y derivación a organismos competentes, por lo que pueden ser un buen primer lugar para buscar una solución pacífica antes de judicializar el caso. Fuente: [Casas de Justicia](https://[dominio_9]/acceso-a-justicia/casas-justicia/)",1,1,1,3,Indica una forma concreta de resolver el conflicto sin juicio.,"Menciona mediación y neutralidad, pero falta confidencialidad, voluntariedad y obligatoriedad previa."
chat,19,2,abstencion,¿Cómo se consulta el padrón de asociados desde este servicio?,Ingresando uno o más criterios de búsqueda en el buscador y ejecutando la opción “Buscar”.,No encontré información suficiente para responder su consulta con los datos disponibles. Puede reformular la pregunta o brindar un poco más de detalle para que pueda ayudarle mejor.,0,0,1,0,Declara no tener información suficiente y no responde la consulta.,
chat,19,3,abstencion,¿Cómo se consulta el padrón de asociados desde este servicio?,Ingresando uno o más criterios de búsqueda en el buscador y ejecutando la opción “Buscar”.,No encontré información suficiente para responder su consulta con los datos disponibles. Puede reformular la pregunta o brindar un poco más de detalle para que pueda ayudarle mejor.,0,0,1,0,Declara no tener información suficiente y no responde la consulta.,
chat,21,1,correctitud_baja,¿Cuál es la fecha de última actualización informada?,Martes 14 de abril de 2026.,"Según los datos recuperados, la fecha de última actualización informada más reciente es **jueves 16 de abril de 2026**. En otras secciones consultadas también aparece **martes 14 de abril de 2026** como fecha de actualización.

Fuente: [FALLOS](https://[dominio_9]/fallos/)  
Fuente: [Casas de Justicia](https://[dominio_9]/acceso-a-justicia/casas-justicia/)",1,1,1,2,Intenta responder indicando fechas de actualización.,"Incluye la fecha esperada, pero afirma otra como más reciente."
chat,21,2,correctitud_baja,¿Cuál es la fecha de última actualización informada?,Martes 14 de abril de 2026.,"Según los datos disponibles, se informan dos fechas de “última actualización” en las páginas recuperadas:

- **martes 14 de abril de 2026**, en varias secciones del sitio institucional. Fuente: [Casas de Justicia](https://[dominio_9]/acceso-a-justicia/casas-justicia/)  
- **jueves 16 de abril de 2026**, en la sección de fallos. Fuente: [FALLOS](https://[dominio_9]/fallos/)

Si querés, te puedo precisar la fecha de última actualización de una sección en particular.",1,1,1,2,Responde listando fechas de actualización encontradas.,"Menciona la fecha esperada, pero no da la respuesta única esperada."
chat,21,3,correctitud_baja,¿Cuál es la fecha de última actualización informada?,Martes 14 de abril de 2026.,"Según los datos disponibles, aparecen dos fechas de “última actualización” informadas en distintas secciones del sitio:

- **martes 14 de abril de 2026** en varias páginas consultadas, como **Casas de Justicia**, **Legalización de documentos**, **Juzgado Electoral** e **Informatización**.  
  Fuente: [Casas de Justicia](https://[dominio_9]/acceso-a-justicia/casas-justicia/) Fuente: [Legalización de documentos](https://[dominio_9]/legalizacion-de-documentos/)

- **jueves 16 de abril de 2026** en la sección **Fallos**.  
  Fuente: [FALLOS](https://[dominio_9]/fallos/)

Si desea, puedo indicarle la última actualización de una página o sección en particular.",1,1,1,2,Responde listando fechas de actualización por secciones.,"Incluye la fecha esperada, pero introduce otra y deja ambigüedad."
chat,22,1,correctitud_baja; fuente_incorrecta,¿Qué normativas destacadas se pueden consultar en esta página?,La Resolución Nº 366/2006 y las Normas de ética profesional de la abogacía.,"En la página de **Mediación** se pueden consultar como normativas destacadas:

- **Ley N° 5450**
- **Ley P N° 3987**
- **Acordada N° 7/2021**
- **Decreto Provincial P N° 1398/2007**

Fuente: [Mediación](https://[dominio_9]/acceso-a-justicia/mediacion/)",1,1,0,1,Intenta responder listando normativas destacadas.,"Menciona normas de Mediación, no las esperadas."
chat,22,2,correctitud_baja; fuente_incorrecta,¿Qué normativas destacadas se pueden consultar en esta página?,La Resolución Nº 366/2006 y las Normas de ética profesional de la abogacía.,"Según los datos disponibles en la página de **Mediación**, las normativas destacadas que se pueden consultar son:

- **Ley N° 5450**
- **Ley P Nº 3987**
- **Acordada Nº 7/2021**
- **Decreto Provincial P Nº 1398/2007**

Fuente: [Mediación](https://[dominio_9]/acceso-a-justicia/mediacion/)",1,1,0,1,Da una respuesta sustantiva con normativas específicas.,No incluye Resolución 366/2006 ni normas de ética profesional.
chat,22,3,correctitud_baja; fuente_incorrecta,¿Qué normativas destacadas se pueden consultar en esta página?,La Resolución Nº 366/2006 y las Normas de ética profesional de la abogacía.,"Según los datos disponibles, en las páginas consultadas del sitio aparecen como normativas destacadas las siguientes:

- **Mediación:** Ley N° 5450, Ley P N° 3987, Acordada N° 7/2021 y Decreto Provincial P N° 1398/2007.  
Fuente: [Mediación](https://[dominio_9]/acceso-a-justicia/mediacion/)

- **Atención a las personas:** Resolución 584/2009 y Resolución 585/2009.  
Fuente: [Oficina de atención a las personas](https://[dominio_9]/acceso-a-justicia/atencion-personas/)

- **Adopción:** Acordada N° 19/2024, Acordada N° 18/2024, Acordada 7/2023, Ley 3268, Ley 4109 y Ley 25854.  
Fuente: [Adopción](https://[dominio_9]/acceso-a-justicia/adopcion/)

Si quiere, le puedo detallar las normativas de una sección en particular.",1,1,0,1,Intenta responder ampliando las normativas del sitio.,"Amplía con otras secciones, pero omite totalmente la respuesta esperada."
chat,33,2,abstencion,¿Cuántos Juzgados de Paz tiene el Poder Judicial de Río Negro?,Tiene 49 Juzgados de Paz distribuidos en toda la provincia.,"Esta consulta requiere un análisis más avanzado que está fuera del alcance de este buscador. Por favor, aporte detalles más precisos sobre su solicitud para que localizar la información solicitada.",0,0,1,5,No responde; indica que la consulta está fuera del alcance del buscador.,
chat,33,3,abstencion,¿Cuántos Juzgados de Paz tiene el Poder Judicial de Río Negro?,Tiene 49 Juzgados de Paz distribuidos en toda la provincia.,"Esta consulta requiere un análisis más avanzado que está fuera del alcance de este buscador. Por favor, aporte detalles mas precisos sobre su solicitud para que localizar la información solicitada.",0,0,1,5,No responde; indica que la consulta está fuera del alcance del buscador.,
chat,45,2,correctitud_baja,¿Hasta qué año llegan las memorias anuales publicadas en el listado?,Hasta 2006.,"Las memorias anuales publicadas en el listado llegan, como más reciente, hasta el **Informe Anual 2024**. En el material recuperado también aparecen años anteriores, desde 2023 hacia atrás.  
Fuente: [TRANSPARENCIA](https://[dominio_9]/transparencia/)",1,1,1,1,Intenta contestar indicando el año.,Confunde el año más reciente con el alcance; responde 2024.
chat,45,3,correctitud_baja,¿Hasta qué año llegan las memorias anuales publicadas en el listado?,Hasta 2006.,"Según el listado disponible en la sección de **Memorias anuales**, la última memoria publicada llega hasta **2024**. También figuran informes anteriores, desde **2023** hacia atrás.  
Fuente: [TRANSPARENCIA](https://[dominio_9]/transparencia/)",1,1,1,1,Da una respuesta concreta sobre el año.,Contradice la respuesta esperada; indica 2024.
chat,50,3,correctitud_baja,¿Cómo se puede comprobar si una persona o empresa ya tiene un proceso concursal o de quiebra?,Usando el buscador de Concursos y Quiebras.,"Para comprobar si una persona o una empresa ya tiene un proceso concursal o de quiebra, puede consultar el **buscador público de Quiebras** del Poder Judicial de Río Negro. Ese sistema permite verificar si ya existe un expediente iniciado dentro de la jurisdicción y ayuda a evitar duplicaciones. También existe el registro de **Juicios universales**, donde se informa que allí se inscriben sucesiones, concursos y quiebras para su consulta pública.  
Fuente: [TRANSPARENCIA](https://[dominio_9]/transparencia/)  
Fuente: [INSTITUCIONAL](https://[dominio_9]/institucional/)

Si le interesa, también puedo indicarle el enlace directo de consulta pública para quiebras.",1,1,1,3,Intenta responder con una herramienta de consulta pública.,"Menciona un buscador de quiebras, pero omite concursos y usa referencias inadecuadas."
chat,53,3,correctitud_baja,¿Qué sección reúne los boletines de jurisprudencia del STJ?,"La sección “Fallos”, dentro del apartado de boletines de jurisprudencia del STJ.","Los boletines de jurisprudencia del STJ están reunidos en la sección **“Boletines de Jurisprudencia del STJ”**, dentro de **“Fallos”**.  
Fuente: [FALLOS](https://[dominio_9]/fallos/)",1,1,1,1,Intenta responder indicando ubicación de los boletines.,Invierte sección y apartado respecto de la respuesta esperada.
chat,55,1,abstencion,¿Cuántos boletines aparecen publicados para 2024?,"Cuatro boletines: N° 1, 2, 3 y 4.","Esta consulta requiere un análisis más avanzado que está fuera del alcance de este buscador. Por favor, aporte detalles más precisos sobre su solicitud para que localizar la información solicitada.",0,0,1,5,"Ok, se frena la pregunta por guardrail",
chat,55,2,abstencion,¿Cuántos boletines aparecen publicados para 2024?,"Cuatro boletines: N° 1, 2, 3 y 4.","Esta consulta requiere un análisis más avanzado que está fuera del alcance de este buscador. Por favor, aporte detalles mas precisos sobre su solicitud para que localizar la información solicitada.",0,0,1,5,No responde la pregunta; indica limitación del buscador y pide más detalles.,
chat,55,3,abstencion,¿Cuántos boletines aparecen publicados para 2024?,"Cuatro boletines: N° 1, 2, 3 y 4.","Esta consulta requiere un análisis más avanzado que está fuera del alcance de este buscador. Por favor, aporte detalles mas precisos sobre su solicitud para que localizar la información solicitada.",0,0,1,5,No responde la pregunta; indica limitación del buscador y pide más detalles.,
chat,56,1,correctitud_baja,¿Qué años están cubiertos por el listado de boletines mostrado?,Desde 2014 hasta 2025.,"Según los datos recuperados, el listado de boletines mostrado cubre **desde 2013/2014 hasta 2025**. En los fragmentos aparecen boletines para **2025, 2024, 2023, 2022, 2021, 2020, 2019, 2018, 2017, 2016, 2015 y 2014**, además de un boletín conjunto **2013/2014**.  
Fuente: [FALLOS](https://[dominio_9]/fallos/)",1,1,1,3,Contesta con un rango de años y enumera los visibles.,"Correcto hasta 2025, pero agrega 2013/2014 como inicio no esperado."
chat,56,2,correctitud_baja,¿Qué años están cubiertos por el listado de boletines mostrado?,Desde 2014 hasta 2025.,"Según el listado mostrado, los boletines cubren desde **2013/2014** hasta **2025**, incluyendo los años intermedios **2014, 2015, 2016, 2017, 2018, 2019, 2020, 2021, 2022, 2023 y 2024**. Fuente: [FALLOS](https://[dominio_9]/fallos/)",1,1,1,3,Ofrece una respuesta sustantiva sobre los años cubiertos.,"El final coincide, pero el inicio 2013/2014 no coincide con 2014."
chat,56,3,correctitud_baja,¿Qué años están cubiertos por el listado de boletines mostrado?,Desde 2014 hasta 2025.,"Según los datos disponibles, el listado de boletines mostrado abarca **desde 2013/2014 hasta 2025**. En la secuencia visible aparecen los años **2013/2014, 2014, 2015, 2016, 2017, 2018, 2019, 2020, 2021, 2022, 2023, 2024 y 2025**.  
Fuente: [FALLOS](https://[dominio_9]/fallos/) Fuente: [FALLOS](https://[dominio_9]/fallos/)",1,1,1,3,Indica claramente desde qué año hasta cuál llega el listado.,Incluye 2013/2014 además de 2014-2025; el inicio esperado es 2014.
chat,59,1,abstencion; abstencion_con_enlace,¿A quién está dirigida  la convocatoria de Roca de 2026?,Está dirigiada a familias de todo el país.,"No encontré información suficiente para responder su consulta con los datos disponibles. Puede reformular la pregunta o brindar un poco más de detalle para que pueda ayudarle mejor.

¿Buscás concursos en alguna localidad, de algún tipo en particular, o te interesa ver los que tienen estado inscripción abierta? Podés revisar también [Concursos](https://[dominio_9]/staging3/concursos/).",0,1,1,0,Expresa falta de información y deriva a reformular o buscar concursos.,
chat,59,2,abstencion,¿A quién está dirigida  la convocatoria de Roca de 2026?,Está dirigiada a familias de todo el país.,"No encontré información suficiente para responder su consulta con los datos disponibles. Puede reformular la pregunta o brindar un poco más de detalle para que pueda ayudarle mejor.

¿Buscás una convocatoria de concurso, de qué cargo o tipo, o alguna publicación específica de Roca?",0,0,1,0,Expresa falta de información y pide más detalle sin contestar.,
chat,59,3,abstencion; abstencion_con_enlace,¿A quién está dirigida  la convocatoria de Roca de 2026?,Está dirigiada a familias de todo el país.,"No encontré una convocatoria de General Roca para el año 2026 en los datos disponibles.

Si necesitas buscar por concursos podés consultar en [Concursos](https://[dominio_9]/staging3/concursos/).",0,1,1,1,Dice no encontrar la convocatoria exacta y ofrece concursos irrelevantes.,
chat,61,2,correctitud_baja,"Si quiero buscar un fallo del STJ, ¿qué sección debería usar?",La sección “Fallos del Superior Tribunal de Justicia”.,"Para buscar un **fallo del STJ**, debe usar la sección de **Fallos**: [Fallos](https://[dominio_9]/fallos/).

Si quiere, también puedo orientarlo sobre cómo buscar por **tribunal, fecha o tema**.",1,1,1,3,Indica una sección concreta para buscar el fallo.,Solo menciona Fallos; falta el apartado específico esperado.
chat,62,2,correctitud_baja,¿Cuál es la fecha de última actualización indicada?,Jueves 16 de abril de 2026.,"Según los datos recuperados, la fecha de **última actualización** que aparece en varias secciones es **martes 14 de abril de 2026**. En la sección de **Fallos**, además, figura **jueves 16 de abril de 2026**. Si querés, te puedo indicar la fecha exacta de la página o sección que estés mirando.  
Fuente: [Casas de Justicia](https://[dominio_9]/acceso-a-justicia/casas-justicia/) Fuente: [FALLOS](https://[dominio_9]/fallos/)",1,1,1,3,Ofrece fechas recuperadas y contexto adicional.,"Contiene 16 de abril, pero prioriza 14 y deja la respuesta ambigua."
chat,62,3,correctitud_baja,¿Cuál es la fecha de última actualización indicada?,Jueves 16 de abril de 2026.,"Según los datos recuperados, la fecha de última actualización indicada **no es única**: en varias secciones figura **“martes 14 de abril, 2026”**, y en otra aparece **“jueves 16 de abril, 2026”**. Si querés, te indico la fecha exacta de una página en particular. Fuente: [Casas de Justicia](https://[dominio_9]/acceso-a-justicia/casas-justicia/) Fuente: [FALLOS](https://[dominio_9]/fallos/)",1,1,1,3,Informa las fechas encontradas en distintas secciones.,"Menciona la fecha esperada, pero dice que no es única."
chat,70,3,correctitud_baja,¿Qué protección específica se prevé para las víctimas de delitos?,"Deben ser informadas claramente, protegidas de forma inmediata y efectiva, preservar su intimidad, evitar coincidir con el agresor y recibir especial amparo en casos de violencia familiar o de género.","Para las víctimas de delitos, se prevé **la protección frente a la publicidad no deseada sobre su vida privada en toda clase de actuaciones judiciales**. Además, se establece que **jueces, magistrados y el Ministerio Fiscal** deben velar por el adecuado ejercicio de ese derecho.  
Fuente: [Oficina de atención a las personas](https://[dominio_9]/acceso-a-justicia/atencion-personas/)

Si le sirve, también en ese mismo marco se contemplan otras medidas de resguardo para víctimas, como la protección inmediata y efectiva, especialmente en casos de violencia familiar, y evitar que la víctima coincida con el agresor en dependencias judiciales.  
Fuente: [Oficina de atención a las personas](https://[dominio_9]/acceso-a-justicia/atencion-personas/)",1,1,1,3,Intenta responder mencionando varias medidas de resguardo.,Parcialmente correcta; prioriza intimidad y omite informar claramente.
chat,76,3,correctitud_baja,¿Qué servicio sirve para intentar resolver conflictos antes de un juicio?,La mediación prejudicial; es la instancia previa a un posible juicio y requiere asistencia de abogado/a.,"El servicio que se utiliza para intentar resolver conflictos antes de un juicio es la **mediación prejudicial**. Según la información disponible, consiste en una instancia de diálogo con la ayuda de una persona mediadora para que las partes intenten llegar a un acuerdo; además, se indica que es el paso anterior a un posible juicio.  
Fuente: [Mediación](https://[dominio_9]/acceso-a-justicia/mediacion/)

También puede encontrar información general sobre estos mecanismos dentro del área de **Acceso a Justicia**.  
Fuente: [Acceso a Justicia](https://[dominio_9]/acceso-a-justicia/)",1,1,1,3,Brinda una respuesta sustantiva sobre el servicio correspondiente.,"Acertada en mediación prejudicial y paso previo, pero omite asistencia letrada."
chat,92,1,correctitud_baja,¿Qué familias pueden postularse para la convocatoria de Gral. Roca del 6 de abril de 2026?,"Familias que residan en el Alto Valle de Río Negro y deseen acompañar a una adolescente de 13 años, priorizando su inicio en la secundaria y el respeto por sus vínculos significativos.","Para la convocatoria de **Gral. Roca del 6 de abril de 2026**, pueden postularse **familias que residan dentro de la zona del Alto Valle de Río Negro** y que tengan interés en **ahijar a una adolescente de 13 años**, acompañando su crecimiento y respetando sus vínculos significativos, con disposición para acompañar también su inicio en la escuela secundaria.  

**Fuente:** [Adopción](https://[dominio_9]/acceso-a-justicia/adopcion/)

Si quiere, también puedo buscarle el **link de inscripción** o ampliar la información de esa convocatoria.",1,1,1,3,Responde quiénes pueden postularse con detalles concretos.,"Acertada en lo central, pero usa ahijar incorrectamente."
chat,92,2,correctitud_baja,¿Qué familias pueden postularse para la convocatoria de Gral. Roca del 6 de abril de 2026?,"Familias que residan en el Alto Valle de Río Negro y deseen acompañar a una adolescente de 13 años, priorizando su inicio en la secundaria y el respeto por sus vínculos significativos.","Según los datos disponibles, pueden postularse **familias que residan dentro de la zona del Alto Valle de Río Negro** y que tengan deseo de **ahijar a una adolescente de 13 años**, acompañando su crecimiento, el inicio de la secundaria y respetando sus vínculos significativos.  

Fuente: [Adopción](https://[dominio_9]/acceso-a-justicia/adopcion/)",1,1,1,3,"Intenta responder con zona, perfil y condiciones.",Coincide parcialmente; ahijar altera un elemento importante.
chat,93,1,abstencion; abstencion_con_enlace,¿A quién corresponde la convocatoria de Villa Regina del 1 de abril de 2026?,"A una niña de 12 años, dirigida a familias de todo el país que puedan acompañarla con afecto, comprensión y espacios de escucha y reflexión.","No encontré información suficiente para responder su consulta con los datos disponibles. Puede reformular la pregunta o brindar un poco más de detalle para que pueda ayudarle mejor.

¿Buscás concursos en alguna localidad, de algún tipo en particular, o te interesa ver los que tienen estado inscripción abierta? Podés revisar también [Concursos](https://[dominio_9]/staging3/concursos/).",0,1,1,0,Expresa falta de información y deriva a reformular o buscar concursos.,
chat,93,2,abstencion,¿A quién corresponde la convocatoria de Villa Regina del 1 de abril de 2026?,"A una niña de 12 años, dirigida a familias de todo el país que puedan acompañarla con afecto, comprensión y espacios de escucha y reflexión.","No encontré información suficiente para responder su consulta con los datos disponibles. Puede reformular la pregunta o brindar un poco más de detalle para que pueda ayudarle mejor.

¿Buscás una convocatoria de concurso, de qué cargo o tipo, o alguna publicación específica de Villa Regina?",0,0,1,0,Expresa falta de información y pide más detalle sin contestar.,
chat,93,3,abstencion; abstencion_con_enlace,¿A quién corresponde la convocatoria de Villa Regina del 1 de abril de 2026?,"A una niña de 12 años, dirigida a familias de todo el país que puedan acompañarla con afecto, comprensión y espacios de escucha y reflexión.","No encontré una convocatoria de Villa Regina con fecha de inicio el **1/04/2026** en los datos disponibles.

La convocatoria vigente más cercana en esa localidad es para **un cargo de Secretario/a de la Unidad Jurisdiccional Civil Nro. 21 de Villa Regina**, con inscripción del **23/02/2026 al 10/04/2026**, y figura como **concurso en trámite**. Fuente: [Llamado a concurso UN (1) CARGO DE SECRETARIO/A DE LA UNIDAD JURISDICCIONAL CIVIL NRO. 21 DE LA CIUDAD DE VILLA REGINA (RES. NRO. 09/26-CM)](https://[dominio_3]/web/rrhh/concurso.php?id=579)

También aparece el llamado a **un cargo de Fiscal Adjunto/a de la Segunda Circunscripción Judicial - Villa Regina**, con inscripción del **16/02/2026 al 27/03/2026**, también **en trámite**. Fuente: [Llamado a concurso UN (1) CARGO DE FISCAL ADJUNTO/A DE LA SEGUNDA CIRCUNSCRIPCIÓN JUDICIAL - VILLA REGINA (RES. NRO. 05/06-CM)](https://[dominio_3]/web/rrhh/concurso.php?id=573)

Si querés, puedo ubicarte la convocatoria exacta por **cargo**, **tipo de concurso** o **estado**. También podés consultar [Concursos](https://[dominio_9]/staging3/concursos/).",0,1,1,1,Dice no encontrar la convocatoria exacta y ofrece concursos irrelevantes.,
chat,107,1,correctitud_baja,¿Cómo se contacta la Dirección General de Comunicación Judicial?,Por [email_16] o al [telefono_1] interno [interno_6].,"La **Dirección General de Comunicación Judicial** se contacta por estas vías: **correo** [[email_9]](mailto:[email_9]), **teléfono** [telefono_10] interno [interno_6], y en **[domicilio_6], Viedma**. Su director es el **Lic. [persona_5]**, celular **[telefono_6]**, correo [[email_6]](mailto:[email_6]).  
Fuente: [Guía de teléfonos, mails y direcciones de organismos judiciales](https://[dominio_9]/wp-content/uploads/2026/04/GUIA-JUDICIAL-MES-de-ABRIL-2026.pdf)",1,1,1,2,Intenta dar vías de contacto concretas para el área consultada.,"Incluye teléfono correcto, pero el correo no coincide con el esperado."
chat,107,2,correctitud_baja,¿Cómo se contacta la Dirección General de Comunicación Judicial?,Por [email_16] o al [telefono_1] interno [interno_6].,"La **Dirección General de Comunicación Judicial** se contacta a través del correo **[email_8]**. Su sede está en **[domicilio_6], Viedma**, y el teléfono es **[telefono_1] interno [interno_6]**. La persona a cargo figura como **Lic. [persona_5]**, con celular **[telefono_7]** y correo **[email_6]**.  
Fuente: [Guía de teléfonos, mails y direcciones de organismos judiciales](https://[dominio_9]/wp-content/uploads/2026/04/GUIA-JUDICIAL-MES-de-ABRIL-2026.pdf)

Si quiere, también puedo ayudarle a ubicar otras áreas del Poder Judicial de Río Negro.",1,1,1,2,Intenta dar vías de contacto concretas para el área consultada.,"Incluye teléfono correcto, pero el correo no coincide con el esperado."
chat,107,3,correctitud_baja,¿Cómo se contacta la Dirección General de Comunicación Judicial?,Por [email_16] o al [telefono_1] interno [interno_6].,"La **Dirección General de Comunicación Judicial** se contacta por:

- **Correo:** [[email_9]](mailto:[email_9])
- **Dirección:** [domicilio_6], Viedma
- **Teléfono:** [telefono_10], interno [interno_6]
- **Director:** Lic. [persona_5]
- **Celular:** [telefono_6]
- **Correo personal:** [[email_6]](mailto:[email_6])

Fuente: [Guía de teléfonos, mails y direcciones de organismos judiciales](https://[dominio_9]/wp-content/uploads/2026/04/GUIA-JUDICIAL-MES-de-ABRIL-2026.pdf)",1,1,1,2,Intenta dar vías de contacto concretas para el área consultada.,"Incluye teléfono correcto, pero el correo no coincide con el esperado."
chat,114,3,correctitud_baja,¿Cómo se puede contactar a los jueces del Superior Tribunal de Justicia?,Mediante el teléfono [telefono_8] y el correo [email_16].,"Podés contactarlos a través de la **mesa general del Superior Tribunal de Justicia**: **Tel. [telefono_9]** y **correo: [email_16]**. Según la guía institucional, ese es el contacto central para la presidencia y las vocalías del STJ en Viedma.  
Fuente: [Guía de teléfonos, mails y direcciones de organismos judiciales](https://[dominio_9]/wp-content/uploads/2026/04/GUIA-JUDICIAL-MES-de-ABRIL-2026.pdf)

Si necesitás escribirles de forma más directa, en la información disponible figuran estos contactos:  
- **Dr. [persona_10]** (Presidente): [email_16]  
- **Dr. [persona_9]**: [email_16]  
- **Dra. [persona_4]**: [email_14]  
- **Dr. [persona_8]**: [email_10]  
- **Dra. [persona_1]**: [email_10]  
Fuente: [INSTITUCIONAL](https://[dominio_9]/institucional/)

Si querés, también te paso la **dirección física de Viedma** o el contacto de alguno de los jueces en particular.",1,1,1,3,Da contacto central del STJ y opciones directas adicionales.,"Incluye el contacto esperado, pero agrega correos directos potencialmente imprecisos."
chat,121,3,correctitud_baja,¿Cómo se puede inscribir alguien como auxiliar externo y dónde consultar el listado de peritos?,La inscripción se realiza en el Registro digital de auxiliares externos y el listado de peritos se consulta en el sitio público de peritos matriculados.,"Según los datos disponibles, si se trata de un **auxiliar externo matriculado** —por ejemplo, **perito** o **martillero/a**— debe **completar el formulario de solicitud de usuario**, indicar su calidad de perito y **esperar la validación** para acceder al registro y a la gestión correspondiente. Para iniciar la inscripción, puede hacerlo desde el Registro digital de auxiliares externos.  
Fuente: [INSTITUCIONAL](https://www.[dominio_3]/web/servicios/juicios-universales.php) Fuente: [Iniciar Sesión](https://[dominio_9]/inicie-sesion/)

El **listado de peritos** se consulta en el **Registro digital de auxiliares externos**. Allí también está el acceso para inscribirse y para ver el padrón de peritos matriculados.  
Fuente: [INSTITUCIONAL](https://www.[dominio_3]/web/servicios/juicios-universales.php)

Si quiere, también puedo pasarle el enlace directo de inscripción y el del listado en un solo mensaje.",1,1,1,3,Intenta responder inscripción y consulta del listado.,Confunde inscripción con solicitud de usuario; listado queda impreciso.
chat,123,1,correctitud_baja,¿Qué función cumple el Consejo de la Magistratura de Río Negro?,"Elegir a magistrados/as y funcionarios/as judiciales y difundir convocatorias, requisitos e información actualizada de cada proceso.","El **Consejo de la Magistratura de Río Negro** tiene como función principal **seleccionar y designar magistrados/as y funcionarios/as judiciales** mediante concursos. Además, **recibe denuncias sobre su desempeño**, **instruye los sumarios correspondientes** y puede intervenir en la **aplicación de sanciones** y, en los casos previstos por la Constitución y la ley, en la **destitución** e incluso la **inhabilidad para ejercer cargos públicos**.  
Fuente: [Consejo de la Magistratura](https://[dominio_9]/institucional/consejo-de-la-magistratura/)",1,1,1,3,Brinda una respuesta sustantiva sobre las funciones del Consejo.,"Correcta sobre selección, pero no incluye difusión de convocatorias e información actualizada."
chat,123,2,correctitud_baja,¿Qué función cumple el Consejo de la Magistratura de Río Negro?,"Elegir a magistrados/as y funcionarios/as judiciales y difundir convocatorias, requisitos e información actualizada de cada proceso.","El **Consejo de la Magistratura de Río Negro** cumple la función de **seleccionar y designar magistrados/as y funcionarios/as judiciales** mediante concursos, además de **recibir denuncias sobre su desempeño e instruir los sumarios correspondientes**. También puede **aplicar sanciones**, y en los casos previstos, **declarar la destitución e inhabilidad para ejercer cargos públicos**.  
Fuente: [Consejo de la Magistratura](https://[dominio_9]/institucional/consejo-de-la-magistratura/)  

Si querés, también puedo pasarte la información sobre **cómo se integra**, **cómo funcionan los concursos** o **dónde consultar las convocatorias vigentes**.",1,1,1,3,Responde directamente la consulta con información concreta.,"Contiene la función de selección, pero falta difusión de requisitos y convocatorias."
chat,123,3,correctitud_baja,¿Qué función cumple el Consejo de la Magistratura de Río Negro?,"Elegir a magistrados/as y funcionarios/as judiciales y difundir convocatorias, requisitos e información actualizada de cada proceso.","El **Consejo de la Magistratura de Río Negro** tiene como función principal **seleccionar y designar magistrados/as y funcionarios/as judiciales**. Además, **recibe denuncias sobre su desempeño, instruye los sumarios correspondientes y puede aplicar sanciones o disponer la destitución e inhabilidad**, según lo previsto en la Constitución Provincial.  

Fuente: [Consejo de la Magistratura](https://[dominio_9]/institucional/consejo-de-la-magistratura/)

Si quiere, también puedo pasarle la información sobre **cómo está integrado** o sobre los **concursos vigentes** del Consejo.",1,1,1,3,Intenta contestar la función del Consejo de forma clara.,"Parcialmente correcta: selección sí, difusión de procesos vigentes no."
chat,135,1,correctitud_baja,¿Ante qué resoluciones actúa en grado de apelación?,Respecto de resoluciones de las Juntas Electorales Municipales y de resoluciones electorales de organismos internos de personas de derecho público estatales y no estatales.,"Si se refiere al **Juzgado Electoral**, actúa en grado de apelación respecto de las **resoluciones de naturaleza electoral** dictadas por organismos internos de personas de derecho público, tanto estatales como no estatales. También interviene en **apelación** en los procesos eleccionarios de **gremios/sindicatos, mutuales, cooperativas y cualquier otro organismo que elija sus autoridades en la Provincia de Río Negro**.  
Fuente: [Juzgado Electoral](https://[dominio_9]/institucional/juzgado-electoral/)",1,1,1,3,Intenta contestar especificando resoluciones y procesos en apelación.,"Correcta en organismos internos, pero omite Juntas Electorales Municipales y agrega información adicional."
chat,135,2,correctitud_baja,¿Ante qué resoluciones actúa en grado de apelación?,Respecto de resoluciones de las Juntas Electorales Municipales y de resoluciones electorales de organismos internos de personas de derecho público estatales y no estatales.,"Según los datos disponibles, el **Juzgado Electoral** actúa en grado de apelación respecto de **resoluciones de naturaleza electoral** dictadas por los **organismos internos de personas de derecho público estatales y no estatales**. Además, interviene en **instancia de apelación** en los procesos eleccionarios de **gremios/sindicatos, mutuales, cooperativas y cualquier otro organismo que elija autoridades en Río Negro**.  
Fuente: [Juzgado Electoral](https://[dominio_9]/institucional/juzgado-electoral/)",1,1,1,3,Responde de forma sustantiva sobre el grado de apelación.,"Parcial: incluye organismos internos, omite Juntas Electorales Municipales y añade procesos eleccionarios."
chat,135,3,correctitud_baja,¿Ante qué resoluciones actúa en grado de apelación?,Respecto de resoluciones de las Juntas Electorales Municipales y de resoluciones electorales de organismos internos de personas de derecho público estatales y no estatales.,"Actúa en grado de apelación respecto de **resoluciones de naturaleza electoral** dictadas por **organismos internos de personas de derecho público, estatales y no estatales**. Además, interviene en apelación en los procesos eleccionarios de **gremios, sindicatos, mutuales, cooperativas y cualquier otro organismo que elija autoridades en Río Negro**.  
Fuente: [Juzgado Electoral](https://[dominio_9]/institucional/juzgado-electoral/)",1,1,1,3,Brinda una respuesta concreta sobre qué resoluciones apelan.,Falta la referencia a Juntas Electorales Municipales; lo demás es parcialmente correcto.
chat,154,2,abstencion,¿Qué se necesita para legalizar documentos por TAD ante el Ministerio del Interior?,Contar con Clave Fiscal Nivel 2 y gestionar la legalización a distancia de documentos con firma ológrafa o digital.,No encontré información suficiente para responder su consulta con los datos disponibles. Puede reformular la pregunta o brindar un poco más de detalle para que pueda ayudarle mejor.,0,0,1,0,Declara no tener información y no responde la consulta.,
chat,173,1,correctitud_baja,¿Qué garantías aportan la oralidad y videograbación de las audiencias penales?,"Transparencia, publicidad de los actos y mayor celeridad.","Según los datos disponibles, la **videograbación** y el uso de medios telemáticos en las audiencias aportan principalmente **trazabilidad, conservación de lo actuado y respaldo de validez**, ya que los documentos y actuaciones electrónicas tienen plena eficacia cuando se acredita su **integridad y autenticidad**. Esto suma transparencia y facilita el control posterior de lo ocurrido en la audiencia.  
**Fuente:** [Oficina de atención a las personas](https://[dominio_9]/acceso-a-justicia/atencion-personas/)  
**Fuente:** [Informatización](https://[dominio_9]/servicios/informatizacion/)

Además, el marco institucional destaca que las **vistas, declaraciones y comparecencias** deben realizarse con **presencia de juez o tribunal** y con un lenguaje **comprensible** para las personas no expertas en derecho. En conjunto, esas garantías refuerzan la **inmediación, el control del acto y la posibilidad de entender lo que sucede en audiencia**.  
**Fuente:** [Oficina de atención a las personas](https://[dominio_9]/acceso-a-justicia/atencion-personas/)

Si querés, también puedo buscar información más específica sobre **audiencias penales, juicio por jurado o videograbación en el fuero penal**.",1,1,1,3,Ofrece una explicación sustantiva sobre ambas garantías.,"Incluye transparencia, pero omite publicidad de actos y celeridad."
chat,173,2,correctitud_baja,¿Qué garantías aportan la oralidad y videograbación de las audiencias penales?,"Transparencia, publicidad de los actos y mayor celeridad.","Según los datos disponibles, la **oralidad** en las audiencias penales se vincula con garantías como la **presencia de Juez o Tribunal** en declaraciones, testimonios, juicios y vistas, el uso de un **lenguaje comprensible** para las personas no especializadas, y una atención que preserve la **dignidad, intimidad y protección** de víctimas y menores. También se reconoce el derecho a una comparecencia lo menos gravosa posible y, en casos de menores, a que las actuaciones se realicen de modo acorde a su situación y desarrollo.  
Fuente: [Oficina de atención a las personas](https://[dominio_9]/acceso-a-justicia/atencion-personas/)

En cuanto a la **videograbación**, con la información recuperada no encontré una mención específica a esa modalidad. Sí aparece el uso de **medios técnicos** como la **videoconferencia** y otros medios telemáticos para proteger a menores y facilitar actuaciones judiciales, pero eso no me permite afirmar cuál es la garantía concreta de la videograbación en audiencias penales.  
Fuente: [Oficina de atención a las personas](https://[dominio_9]/acceso-a-justicia/atencion-personas/) [Oficina de atención a las personas](https://[dominio_9]/acceso-a-justicia/atencion-personas/)",1,1,1,2,Responde parcialmente sobre oralidad y videograbación.,"Muy incompleta; no aporta publicidad ni celeridad, duda sobre videograbación."
chat,173,3,correctitud_baja,¿Qué garantías aportan la oralidad y videograbación de las audiencias penales?,"Transparencia, publicidad de los actos y mayor celeridad.","Según los datos disponibles, la **oralidad** aporta una garantía de **inmediación y claridad**: las declaraciones, testimonios, juicios y vistas deben celebrarse con presencia de **juez o tribunal**, y además se prevé que las actuaciones se desarrollen con un **lenguaje comprensible** para la persona no especialista en derecho. La **videograbación** y el uso de medios digitales suman una garantía de **registro y resguardo fiel de lo actuado**, ya que los documentos emitidos por medios electrónicos tienen **plena validez y eficacia** cuando se acredita su **integridad y autenticidad**. En conjunto, estas herramientas fortalecen la **transparencia, el control del acto y la conservación de lo ocurrido en audiencia**. Fuente: [Oficina de atención a las personas](https://[dominio_9]/acceso-a-justicia/atencion-personas/) Fuente: [Informatización](https://[dominio_9]/servicios/informatizacion/)",1,1,1,3,Explica garantías atribuidas a oralidad y videograbación.,"Menciona transparencia, pero faltan publicidad de actos y celeridad."
